,0,1,2,3,4,5,6,7,8,9,10,11,12,13,14,15,16,17,18,19,20,21,22,23,24,25,26,27,28,29,30,31,32,33,34,35,36,37,38,39,40,41,42,43
0,1.017798081760811,-2.5926999737396312,-0.8916746931050853,0.27567083211583204,2.3530237620456336,-0.2917031259447545,1.369272373938935,1.0629804395452742,1.006973712177205,1.4980216857926247,-0.4112778751684965,-3.4813574351809247,3.898518365194575,0.49259502625273044,-3.024644727194737,-1.1953653150145016,3.908141331565631,-1.4694633487505373,0.009410367923466785,0.13704388812493365,-1.4042800297812539,-0.12969171447196132,0.7999732727131273,0.44102989230646106,-0.031476149567329206,-1.3287600702157634,-1.1189630444409748,0.9989211167079721,-0.26960524653345297,-0.11586261865194558,-0.6161588274699087,-0.6736788511400937,-0.08828885809024303,0.46834740195312885,0.0431236259649754,-0.2920764437193071,0.5048549266440852,0.2563931953716519,-0.09181583812075424,-0.22846575808779843,0.0642151397225792,0.2399698799321562,0.1825097028298598,2.4039080919204014e-15
1,2.689435554523487,-1.3803090621893588,-2.220627397971517,0.6227396038817636,1.2514490584566336,0.7885023095737018,3.1563891542587315,-2.44310771570145,-0.5246292227558473,-2.036885968392294,-1.1146069819566793,1.9461102349548598,-1.1631769056876302,0.4390826055003336,0.6589193476849293,0.18143857473140268,-1.7063677346862218,-1.500705111949633,-0.2986124162418074,-0.48172865747025495,-0.3744681222994105,0.651244065111499,-0.872115123491089,-0.2631409418541468,-1.6992018073665236,-1.454849766205051,-0.37078379817815765,-0.7732432370120138,0.3777679919258926,0.10264991784765681,-1.4037216268146149,0.6536518465446111,-0.13870996035173602,-0.2326661050492199,-0.4069777512155758,-0.7974601806753349,1.191303975564183,0.661229527589185,0.34302586493153525,-0.08369079707188924,0.27949854434773685,-0.1470676663478757,-0.20104934110104997,2.403908091920403e-15
2,4.682700670211609,0.20059239868065795,-6.450484089985359,2.8657020036425607,1.5941236140137023,7.221829182766754,1.0161850602549294,-4.653914537326047,-3.010756102086979,1.1708610199530445,-2.2741660444864893,0.16653388134089916,-0.7268897553841294,0.5249416057681707,-0.884002521967166,-0.5177600459052524,-0.7961982178720673,-0.2569382900975211,-0.946269029903189,-1.0629170391873723,0.5071980482428535,-2.2996034042177085,0.42241799398981744,-0.8722532394291537,0.3422742213330683,-0.211987480392057,-0.6519283105603438,1.1930158628954435,-0.02039121501786389,-0.01259759030177417,0.5601095317082145,0.8487211993426894,0.006293965992221771,-0.057138001681547715,-0.2232645398583708,-0.08665723384360073,-0.6791421748691462,-0.3465311201449793,-0.23902989544623396,-0.12468599903501118,0.07260630880748659,0.058095122580511346,0.2613461884699664,2.4039080919204073e-15
3,0.5519485737157551,-2.510424404412752,1.3651754939591618,-2.1316260701973966,1.633704041247943,-3.185943872440267,2.325897361776095,-2.6465310309649834,0.2546482339555518,-0.23956141165706285,0.15756395168744333,0.417480245418785,-2.1223475730277492,-0.4140076065452332,2.6806127161420923,-1.6765453317634775,0.531848933289072,-0.5968793820023646,0.11560984813937705,-1.3469156222889362,-0.03036883023504393,-0.5615877345886829,-0.4461178716705441,1.0959332503688541,0.06057187542094995,1.109964961116477,0.8712748050011017,0.6617677246853866,1.7924714751789137,0.4984223323030701,-0.6667610327687962,-0.4721062521026539,0.17354135687842623,0.623045289135486,0.29034263678946365,0.5450442987544061,-0.36949526588803294,0.7331694045579492,-0.40423219673973415,-0.6744093718442448,-0.008542697797008322,0.26697423684993654,0.29497347642784366,2.403908091920402e-15
4,2.3279119832792246,-0.7723649857099594,3.055716251261346,-2.2690346175328036,-0.8341919330790445,-3.4434253073136913,1.8332021059578607,0.5495142384123389,-1.7773678468888465,3.5526617301717462,0.06916584142621898,-2.0193292645112537,2.0719884469056162,2.2296981537291063,-0.6531376818402734,1.3723379165006857,-1.7315644135099635,-0.780847578193691,0.16811913959745953,0.33099824839474873,0.6252489227039645,-1.0432495829801942,-0.4580607460005548,-1.6064018617114373,1.7684298351585799,-0.8103772958382585,1.6565115038637082,-0.7567145088109647,1.7635104446738497,-1.1494895585958835,-0.022471374335544334,0.5684072930185708,0.19583717705329393,0.3118652345831727,-0.43905207686044656,-0.41859386829935263,-0.11306882590626086,-0.23251864363028596,0.1165469228867118,-0.06578710881457389,-0.07065025356381992,0.02702842098386292,-0.13828647313885295,2.403908091920403e-15
5,1.7023714666275909,-2.140481587749968,-1.4314525127617186,0.2933541251293193,0.687227332701508,0.8841020941735638,1.0725188190350026,-5.425343900177667,-1.874901224399921,-0.35232688616488633,8.430789109606954,-1.7676526661059733,1.5799756171202295,-1.0535641032107173,0.32765792021344564,2.9097473641567744,-0.19926484723479423,1.0406694211268273,1.1858464911548894,0.30087149055347456,0.7323406605332645,0.1361189963567613,-0.23775370206260052,1.1036460145997655,-0.11585961321881215,-0.14415961873468744,-0.2845490512037856,0.053028400965007036,-0.25911741864489796,0.2802134758611439,-0.06028355358347046,-0.1124864045456781,0.22974145457660952,-0.21374816765357857,-0.025814479499802687,0.017493487137029397,0.03242426350852888,-0.0628623916734581,0.07340170989857331,0.010987112587471927,-0.04262543773090107,-0.02393321473606693,0.0221876198425088,2.4039080919204144e-15
6,-0.6397361246021223,-2.892721597949192,0.8533505960981493,-1.882547147836098,0.9315745827889201,-3.1323832323236536,2.836634977759368,-0.6792537628001609,0.5860301321634793,-1.5063681258572943,-1.3232333840835497,-0.9615148274472654,-1.066598329292503,-0.12089074944511359,-0.9481849753654761,0.4065397703241848,2.14259158742989,-0.2720265880456091,-1.3418596695702534,-1.1848163213085992,0.12682072544705839,0.6293692262371007,-1.2023751443709056,3.2119351857899283,-0.5637363720994807,-0.4310131724044921,0.3562319992371214,0.4259294724398048,0.10200527275553689,-0.3770121029625413,0.876177368325902,1.57131027421858,-0.35258538819298124,0.32700997091018486,-0.17081595456013798,0.22780111009931225,-0.35732073456747176,-0.7437812179999522,0.13883623558213437,0.37440513159370126,0.07800202755813203,-0.37825509122665896,-0.21759538438899267,2.403908091920405e-15
7,5.350470228608036,1.712225022786379,0.404011207283811,-1.5997002851366318,-1.1428915643024706,0.757483769338078,-0.7209749953484008,0.7252630105320175,1.388370657247155,-4.600918167531479,-0.4062110343348459,-1.9124137265081658,0.9423724868215951,4.358183170411038,1.7764494912675937,1.7264268142313337,-0.6580682266173496,-1.8121751676933229,1.1105011808866243,-1.384757127985186,0.7296464688218265,0.15004620312979833,3.1023439437131897,-0.24784715063328439,-0.8029830998865175,0.4980209302197807,1.0301855225975747,0.132350231218377,-1.0675984841712105,0.32477186996175555,-0.30911284053218163,0.27264643777874714,0.027469510729848014,0.4911319633052395,0.3743762431562193,0.16865325948875817,-0.03801614691810333,-0.21298864969408499,-0.15518331499713292,0.01757251368507588,0.023567653308086255,-0.08240788444669633,0.03202321778479497,2.4039080919204065e-15
8,-2.5143786420461027,-2.928770470737392,-0.35753895731928914,0.9946449824552454,0.2097814138766829,-0.5061275247554341,-0.6761461866953178,1.4490950048485085,-0.08706205762160771,0.7196106329031238,-1.1673419485946925,-0.8748703947158447,1.2927714145027083,-0.2638121844338889,-0.911137581793343,0.3538008719217013,-0.9590862815998467,0.0173840042473779,1.1875974840943033,0.20792500493361715,0.5739995822903118,-0.15676164548035512,-0.8233104991073962,-0.15163798831818268,-0.6665834840978608,0.47185960379142483,-0.18617407568479813,-0.21468682654348126,0.24483072383803026,1.1191741072039507,-0.0953741769020107,-0.5703375515881602,0.2483160288440217,-0.44238614020020856,0.4669624260674054,0.2875248108012135,-0.5944844710118219,-0.42580720601707794,0.09790716211747257,-0.3557514103978878,1.3669303163650142,-0.011735724688958315,-0.3812120848926626,2.4039080919204038e-15
9,1.0205930061386819,0.3608862952553006,-0.5808582001646141,-0.3248955337936586,-3.813196729703326,1.6223673839428328,-2.4054595829231498,-3.0213437351736263,6.884685029975581,1.3047625162035734,-0.10707329310263111,-0.38250911329195963,1.8777013641289004,2.945748910441768,-0.013751110635192298,-0.6046609641242281,-1.588822220855605,3.435828111660264,-1.9818389879980394,-0.4212705111232434,-1.3210721242610657,-0.2965499859193619,-1.80540820593878,0.7081499885627602,0.4572897812133,0.06680983919888941,0.17480979389313828,-0.12700361787000064,-0.4157630269224662,-0.0629360432497661,-0.6519743075648411,0.07953433543696892,-0.4118817278902558,0.0066383872691914,0.27479102739563394,0.061365488256362025,0.11875005573447474,0.045717993871103424,-0.09189875161510301,-0.13665771234944016,0.009181778225357996,-0.02276649612176999,0.04225646240233147,2.403908091920411e-15
10,-2.150723001555481,-1.9031763230182936,1.2302675323031584,-0.9834040767510048,-1.2513205883294194,-1.7569241920253804,0.8713247447381699,0.6490022464075704,-2.321828258528443,0.2962971556323558,-2.4729056658201656,-0.1805740696772499,0.6959128365120171,0.6071605502614756,-1.463949727649187,1.0735412289395265,-0.7617620517207973,1.339355114866464,0.5823908248716416,-0.8630486474695089,1.0042737296569582,-0.5847619899409715,-1.6209231084534326,-0.10692026242134343,-1.5115502863652706,0.8362802064615836,-0.9453949725192352,0.07944047632360615,-0.9225088101891084,-0.09772767521832852,-0.46452150163003497,-0.5067647539838174,1.8181129313029682,0.15710024169172268,-0.7007352314562144,0.588611468933185,0.42935420080613956,-0.09637375400241774,-0.6056173920661319,0.055875401689700385,-0.4711446679388111,-0.06522108797370194,-0.1079711673248989,2.4039080919204184e-15
11,-2.010662307716792,-1.1660915811185457,-0.0046786413464043886,0.8433042098622706,-1.3358068704978017,1.951128757419848,-2.29877504267723,1.8987752095626302,-0.7670934599462003,-0.27361810570165085,0.32194294258431366,1.2283002520775121,0.893549625063965,0.5348717412533298,3.508502040703007,0.5895830406112882,-0.4791348795349432,-2.0434414905878127,-0.08076117573149212,0.6224521812636107,-0.4406681035476161,-0.22298895309658354,-1.3090739833095841,1.4705932304620122,0.9319752459745329,0.4663379350929238,-0.9459595078931755,0.9615935402968627,-0.12410179450219921,-1.4994569750199835,1.3507553254545652,-0.077391842663227,0.6236482206094486,0.2746674380275077,0.8103428488486358,-0.8884235419132266,0.42583344872445805,0.29609265590682093,-0.43551446682128575,0.06174246427876186,0.18569227732707844,0.14532819707232178,-0.2590807274666736,2.4039080919204065e-15
12,-3.3116908084404844,-1.6949234392890697,0.7985812850149911,-0.6555714710718262,-1.2990504201231818,-1.761865092749314,-0.8854687818280156,0.3088435589265935,-1.0615256419257408,0.289309589220954,0.5837677025421922,0.7284782022866588,-1.8957062604025803,2.1226649109653946,-2.406545658916435,-1.5333051093365195,-0.7845357741513972,1.3020437762889872,-0.5071140988069139,2.9347761605166394,3.0875724483876845,2.070894388234666,0.9008469819716237,-0.05826823866358836,-0.3683314118709794,-0.9691950063792517,0.13595709538800888,1.9013716862263739,0.202342040600995,0.30526451583926023,0.2952514230478373,0.5371339330740126,-0.04216079317759584,-0.3906174059583766,0.6423912964225856,-0.22584024306666983,0.17941633306547602,0.24514825874551308,-0.26770640067236057,-0.388556596838608,-0.10586500011208229,-0.13173468389019796,0.06753711843885488,2.4039080919204014e-15
13,-3.6796095637168937,-1.931783415698602,-0.8822100509432308,1.137085436775308,-0.8011901698803774,0.30783237525829116,-1.1606187490601794,1.4443120790552886,-0.02947535549145653,0.2518493265345819,0.06439430348621922,0.4052177339886763,0.4191304716435547,0.1079933499057347,0.06700048856455276,-0.766747490640624,-1.0074493492911558,-0.6843464072013139,1.1112389211160596,0.7648641682913352,-1.059287381076656,0.36374940936176453,-0.8039496632129562,0.21318058728553077,-1.0384597934240969,-0.547025186467816,0.3519068569122578,-0.23450041360217672,0.21494409630724606,-0.43878433650662263,-0.19991885520124428,-0.24336552957379878,0.9030586295891991,0.3162934385827722,0.38696659806123734,-0.21507147546544098,-0.7255101948183456,0.09982123934951988,0.5237384212188366,0.45953890258870655,0.06744892717511403,-0.6083426721544535,1.0024007753599486,2.4039080919204077e-15
14,-2.58305042654646,-2.9745609063401894,-0.7745313456639572,0.2702567697521287,-1.696986786393025,0.031781404583715575,-0.573198036830332,0.9143566830533534,-0.9541764197214924,-0.5254394930591915,-0.9530851114122619,-0.9165333725341187,0.45059670615734565,-0.9725841368291492,-1.5410292443857028,1.2345755491415003,-0.02283180468019118,-0.21493856277524517,-0.47291389480487017,0.31081856891656157,0.767368546400194,-1.3021528580287234,-0.28054197949211523,-0.13837657268346626,0.015908863228250913,0.7459108050937594,-0.3181120245149435,-0.303647014953188,-0.8272618860477813,0.14055678047738424,-0.3057983056809716,0.8982108810291516,-0.1879124762669917,0.3694817657724706,0.8685867650358988,0.2646323602973884,-0.816721297477121,1.4084971104965476,0.8454580899580371,0.10150280605131097,-0.36956538567685115,0.2764507871888124,-0.34927714418195493,2.4039080919204136e-15
15,-3.472944719573576,13.252835758826429,-2.9629818058279853,-2.583409303620655,-5.075494515965559,2.2379013053567514,8.371657482726306,3.40978539118921,0.3487048921453073,1.863679065016023,0.7433484681332905,-1.7030468253706772,-0.8955248353728774,-1.4269053377443397,0.9022107760925752,-0.5467926323079724,-1.2407708261903794,0.3228169692448877,-0.2930228355884726,0.379283706026111,-0.5192431963937684,0.3874117428598151,0.5471606156875065,0.4836073123754597,0.35662164661303836,0.07840778493399957,-0.01465038797111155,0.9763295252808541,-0.3330681737390419,0.2729480568718971,-0.15798990952573191,-0.26786509357525257,0.14275753256917575,0.15089678632088202,-0.1666816521623045,0.12446731496122196,-0.0022094938398166375,0.13126823117979203,0.10856081150907862,0.11316321502780344,0.12719338273312952,-0.0718764064644959,-0.08522317025230888,2.40390809192041e-15
16,3.7516701776179975,6.8302068536445715,-0.9491721737199222,-1.8652473585147573,-0.7859758478537529,-2.7506757606210073,-6.232375841408627,-2.1808487972527324,-1.750586956984062,-3.5594428156079605,-0.7782711038668202,-3.180480147200323,0.668350103378315,-4.301884622008,-1.4156069151119313,-1.6333374576438195,-2.9416661211380912,-1.3559192527043025,-1.772281438904172,-0.08966281051883808,-0.22881583202470926,0.28986083258445505,0.1533697171418984,0.4045271496355877,0.21132475363488382,-0.31541587606165145,0.27742676509736247,0.20805195417557903,0.14972878328018666,-0.37793954588661643,-0.33703699961452993,-0.5215668323114164,-0.06367862681925332,0.04966212323731864,-0.023161247116686597,-0.015407764591205768,0.06892557213267236,-0.19544370825838886,-0.11809135837972615,-0.035185986328219135,-0.061060859248284735,-0.04973519196570408,-0.05245807592471431,2.403908091920406e-15
17,-1.9185285301595376,-1.8867166687095833,-0.5031683591240053,0.6276180871969025,-1.721182879654891,0.367163339407674,0.011806902582643358,3.0036070452218904,-0.23695258096694954,1.0699067070199757,-0.7188142740330298,-0.2787136037512317,1.3378412220629845,-0.5167469294723718,0.8588461972417688,0.9842290841665775,-0.735891615875759,-2.425065160367488,-0.08224026460186827,1.9480988013051848,1.3431436183819119,-1.3661516943000314,-0.7862778884971476,1.4893746388775924,-0.05301486562292718,1.3134636654700342,-0.43864782460189766,-1.0278861130180603,-0.24827534747887417,0.8185751438627786,-0.16031236448275069,0.3800457772399984,-1.4554407711681694,-0.7015087280651978,-0.4801933348236587,0.2478953111232042,0.5008353360491644,-0.3705206111254656,-0.13737808820022476,-0.4385322214383314,-0.28612915981990805,-0.040606041505671486,0.47484501521997474,2.4039080919204077e-15
18,-5.182075036268873,7.9291067752240805,-3.193914978187556,-1.6201527804109839,5.148651287046383,-1.6679554491402055,-0.2075617541649009,0.5034014012199655,2.6960862332327613,-0.6458318614364493,0.9701889358944916,-1.6517792234679274,0.2777202105931498,1.2281610093164612,-0.3271767279383141,-1.7921864924285569,0.6736973847966307,0.2850352245559403,0.10790456490115563,-1.1840833871577545,1.0880330477263538,0.7599317889722649,0.36213602498438807,-0.4095767675483046,0.05455544113508556,1.6808231284975468,-1.6224230520005392,-1.6264497707031367,0.7150105936761946,-0.3337146932251696,0.5590780530851701,0.7654562803056544,0.581565344466981,-1.050586893714417,-0.13403112047375507,-0.6548103619909749,-0.31209091368792435,0.24410977794482408,-0.005673939855512573,-0.07966505057733764,-0.08315172150313493,-0.0053757929443691895,0.06901557641548645,2.403908091920412e-15
19,-3.21130155825637,-2.9961612486053264,-1.0087205171691744,0.533325675170847,-0.32632214144912824,1.060668263727059,-1.471619511320598,0.8793048558894055,-0.3899560553255886,-0.48977987725011096,1.004355402296852,-1.2767686024955034,-1.7976355762851564,-1.2235786172297165,0.43254957587033205,0.7088033041642324,2.8990584705636997,0.06064961922508345,-0.9109147114504658,0.6844813524669656,-1.1986510423413685,0.4839924989041025,-0.41347521677060467,-2.013646609335174,0.3408799981822875,1.9292375523724155,1.6865410078433787,1.0159293371766158,-0.8747762358391253,-1.4189571034576247,-1.1626770596730847,0.7973111254516593,0.08448166754199304,-0.7454570053605794,-0.5098094115186509,0.06598192168287385,0.1783928510454717,0.11292491921078568,-0.1641822500981533,-0.1319072704618096,0.3058723069428578,-0.25715651050248356,0.02530170724193007,2.4039080919204018e-15
20,-3.054604028560138,1.1076775161385912,1.2633688801505616,0.8183343216126266,-5.309219489756346,0.9398040566032346,-2.8431582405410376,0.7506523695871671,-2.93205176457391,-0.8434863293005855,0.9918055031816672,2.1741339154185972,-1.185166464445743,1.1467273604837087,-0.3485826549376494,-1.183124789449551,1.4992431174420373,-0.4510830675931031,0.8856455042260385,-1.6135231970025714,0.10084795177752129,1.3406755072999184,0.2176276695040065,0.8721267945231547,2.760335650554382,-1.3703011001360894,-1.1995196176669454,-1.237972665751639,-0.4302265314518413,0.06008452967631791,-0.9654608390780457,0.4237005008147217,0.18577208075010537,0.15298972484289108,-0.6279833585225738,0.43116293007357653,-0.35907313830159104,0.014943458534511078,-0.03610344906481317,-0.28223426808652,0.16085901265379415,-0.0019253947141820722,0.02152611985932222,2.4039080919204073e-15
21,-5.634665761351653,10.724452703536219,-0.6635119865136605,0.5490834027620553,6.404943925595964,-3.018994032394945,-2.9409912238170706,-0.15589220782848637,-0.8117141797441333,1.5443871711930146,-0.30668754687179384,2.7498661394992214,0.013041727844362696,1.1714538342793117,0.6977063418460525,3.2927553236468308,0.418182510072274,-0.1250564170803657,-1.3856625038171086,1.8588217663213462,-2.0861144245968357,-0.7060972807544449,0.3761873587382016,0.24140597351039403,0.4052565284347478,-0.7264379034051219,0.05458444353319472,0.39623111918801224,-0.15900817913996854,1.1096469473553776,-0.32586000945280974,0.5175632036687438,0.46445369691117255,0.225329618570297,0.07800246916847141,0.5486196632946643,0.06993837798490436,-0.05002568965685792,0.023479848719521895,-0.04152752362512372,0.010093703635615608,-0.0108938714329905,-0.01244951838153508,2.4039080919204073e-15
22,-5.158421968045682,9.783291004791858,-3.2884650801507953,-0.28313612794445175,1.449558052381136,0.90543909465548,-1.3221635767223539,0.09585042347316665,-0.4521144481177588,-0.32597624946737513,0.23367846378611776,2.6761787731577464,1.1905003643457037,-0.2048937917398797,-1.1331738572412857,-0.044515243115556616,1.7186715835451838,0.43497935848511965,2.143042729136296,-1.52118187345054,2.3972574513869613,-0.048730540880103625,-2.159648742939692,-0.6759460372895323,-0.87433923995255,-0.32637969894160584,1.5175044135449436,0.05551494797808025,-0.38052408057444714,-0.8679019025911477,0.15334464059165429,-0.6258118806556942,-1.1732539364379273,0.7259771893773992,0.22341827199094155,-0.04342336246865609,0.16531442196154278,-0.03490800984327963,-0.039495773304092846,-0.003903770950108493,0.01009635662649178,0.12179718397866243,0.034135113618429,2.4039080919204093e-15
23,4.026222659194622,3.1946975825385295,3.8794956365309794,-1.6301364129944638,-6.381295112654026,-0.18697726548788707,-0.32211808421039584,-0.8330501987297922,-1.0714066265735045,0.061274571615423,2.122155550989326,1.4334556323540224,-0.017594426330025184,-0.10550424046610353,-0.11681944860984898,-1.4002857265921258,2.962255497123493,-0.8891524049905848,-2.14352610357766,0.20008555525990646,-0.8539277239256892,-1.5040083218215816,-0.022750908949479582,-1.3120273134222487,-2.223886237389173,-0.5057117595529591,0.5242108873898551,-1.3332508043678926,0.17083605194243534,0.7303515971102219,1.092953660990605,0.21190674106181914,0.5459933931651452,-0.32937365562786747,0.47049135542414944,-0.13616816522962782,0.06168125342328073,-0.2404608011885906,-0.05601711424719197,-0.1501877501992023,-0.004368146866649712,0.2024437493614833,0.009328059870156587,2.403908091920405e-15
24,16.236023540210443,2.910940783266286,-2.2850880356889247,0.3503925392535981,0.14847697199465537,-0.596664246737904,-0.6579723794522501,-0.5951260764788981,-1.9220465995385496,-1.1464587751741557,-2.681733298544095,-3.08910063427339,-2.999941124914863,1.2979741499791349,2.012163629232803,0.6515152479741645,2.107124023849625,2.3923694364593784,1.3665505286659312,2.744961849194074,-0.2098605814514323,0.14796048103757134,-0.9490885335043184,0.2300648475746467,0.15306372838899457,-0.3386789755316492,-0.41096669427840704,-0.9745909910265185,-0.05444482204075323,-0.18546307745373858,0.483579727041568,-0.8914978045199424,-0.28198366265969954,0.07571266550833045,-0.20959979225237227,-0.1052073741145644,-0.13234188630226756,0.17483581132742618,0.16754469498614732,-0.047321676241332974,0.00018186522291152997,-0.028418927409904034,-0.008892543912121098,2.4039080919204144e-15
25,-4.520991181733091,-0.3990701658387298,0.6150972156001616,1.9635646096542665,-2.07094881318213,0.10783698378956323,-1.241338978304873,2.4602380768888064,-0.7018261612570775,-1.1053285300262186,0.2025962835207926,1.3999194000601407,-1.7423646419231535,0.29484823332174037,-2.1609548544653956,2.6203966856803502,0.11662467590149915,2.2267000964711197,-0.612504447986353,-0.9275033572936844,-0.524866780205264,-2.057708249034772,2.51319336082927,1.582655919945432,-0.854577650914169,0.36283196128907014,-0.32311325880613206,0.05402531852548386,1.7454306484985147,-1.0916374743448822,-0.29637290883639905,-1.0800099219847066,-0.5357531411631555,-0.37577467120241814,-0.2814736020999886,-0.4400975534794478,0.014349839043069296,0.14393608948138958,-0.03902278062618388,0.1609869209737381,0.10275333218241052,-0.01071586328840666,0.004908586617355965,2.403908091920407e-15
26,-3.301273387957593,-3.9206542216360685,-1.2293138290420382,0.6376961069043104,0.9669165897491737,-0.17848110329878134,-1.4566234175127692,2.2930692888208912,-0.1046114698001943,2.222568550594414,-1.2456096188668087,-0.94399517025305,2.18870153742687,-2.6023631842321135,5.411606024150808,0.37065927278458105,0.8496173411725082,2.329044558542775,-1.8704390732307103,-1.41736073694498,2.2828027545797744,0.5474645790647621,1.3105263881538183,-0.6294093332191378,-0.6179967861852027,-1.9097919269601165,-0.11934002151581606,-0.14986594572036402,-0.010021072050005157,-0.005926340193022287,-0.16458209395417192,0.08147531426145603,-0.0033005655105078553,-0.11070050283515213,-0.08245991816855325,0.07891311069623944,-0.0800963663219279,-0.007596508401748734,0.041898942293396524,0.02253287075805785,-0.042295913019842105,-0.0405992688022064,0.03612162388002215,2.4039080919204125e-15
27,-2.428913658457115,-2.394458193770093,-1.5861613552359228,0.6960180276403966,-0.6743850958318424,0.2347440118817285,1.5051140070504885,1.2040708299294898,-0.04326963507851551,-1.3644451735448022,0.3187198341184014,-0.06824185857907675,-0.7664812847467505,-0.07812427573696634,0.13694449127308675,1.8371956121423967,-0.2143228382942823,-0.5601107524067006,-0.5139186612418597,0.35827552862312806,-1.3321725319150892,2.3989616754656495,-1.1176912117079345,-1.9023900655944348,-0.5595103873477036,0.027719035438366915,-1.3493284994080743,-0.08380546322184589,0.9878584367788682,0.2940688411535085,-1.009202945236167,-0.11968223625404696,-0.7742343167633122,0.31646596035330965,0.6540827473585076,-0.2805937710516921,-0.8738108933308733,-0.7513867225101131,-0.5511230820121984,0.3276383504738413,-0.3892567167645429,0.37648560018960275,-0.07477939286078276,2.4039080919204203e-15
28,1.74195053469028,-1.6278287575136676,-2.943713363552732,0.8703808941477651,1.0343732614986525,6.616658523290053,-1.2973326207910694,-0.6996927807774576,-1.2601756921024012,2.2477546770364225,-0.8505259843503025,0.6361772124874426,1.3985110507129375,0.9537948197095368,-0.6989940936669317,-0.5250746321579309,0.7696291217909692,-1.1273790959014722,-1.3754028238174056,0.3707413168509486,0.2655314548103592,2.8652334954466263,0.5261620265586627,1.1682348161735419,0.06439784837183164,1.2939656524045167,1.4894171292351368,-0.7327975757330409,1.30173011511276,0.5198444402806526,0.15725303053779013,-0.968047140794417,0.44304836233914685,-0.07971509596606793,-0.12721705389398144,0.522770769087028,0.2779482017085611,0.054685684010388556,0.28724537221703744,0.3189733615851522,-0.25800286824732693,-0.021621227748971766,-0.2880696499757197,2.4039080919204152e-15
29,1.180838054594022,-0.5315298004463478,2.5577898133002415,-1.3486679764197544,-0.5163458995843403,-3.582897135776983,-0.04283101473143782,-2.338721391953362,-5.098098993781137,4.028565883574683,-0.8201984586939699,0.5524668243315697,0.7482945551594885,0.42911513377399335,0.4852362336925022,-1.0006471835829118,-0.736267027973167,1.22804342580157,0.8491192354732122,-1.8825768299315022,-2.0395892009068577,1.1836714009382807,1.0748465458318224,-0.662090677008354,-0.14860746479912343,1.7107023831556638,-0.942930627101949,0.21751942701127205,-0.5632645766686535,-0.017913447626539333,0.4750492112351987,0.10829010687074388,-1.039958769704901,0.0738058005103925,0.7354791690569341,-0.016941882482441443,0.5839813439596325,-0.10511481502168264,0.27289164176205993,0.009920434865784492,-0.00541574659345698,-0.3304355522970126,0.0402105643107715,2.4039080919204136e-15
30,-4.701791962324814,-2.3754361238976887,-1.3113217237908783,0.6454400273914429,-0.08065965648532053,0.4315780975721661,-1.2741727753243237,0.8759558969183338,0.9612084775221784,-0.9807474405203038,-0.06793725639835928,-0.3627609548991398,-1.7696544800778793,-0.5931805440354726,0.3426000708160899,-0.9277097438568591,-0.6219117842566246,1.273553415950444,1.2079134574149035,0.2358964846492735,-0.40714241691122527,0.08551275469839381,0.3474781739894955,0.0894713202795641,-0.09196712499354785,0.5055355429519255,0.0903962129080335,0.48561162850405887,0.1922133980557248,-0.11902365534421508,0.11976219998665769,0.6390417438414199,0.6368953468278956,0.5790322131463285,-0.16391448963212246,-0.06203084725864576,0.7847718208173433,-1.0411865158756246,0.9752935395021256,-0.26371941907342705,-0.08413763803596337,0.8943950892573284,0.1439558075193236,2.4039080919204034e-15
31,2.8456904146829918,0.2533480125565634,0.8319466341076517,-1.7263352760074446,-2.7702961126538246,-0.7016923079574517,-2.209105994728828,-3.885653478953087,6.022444832173185,5.042352335688181,-1.6360446614499278,0.5154490620230994,-2.844037825414974,-2.477942049884519,-0.7903411503319592,2.936065890171278,0.4548888030328084,-2.29170993425874,1.8314284760306003,-0.3363820054992951,0.7342160802908143,0.9078843239473962,1.0313812527372597,-0.3853655165243228,-0.17715245978104688,-0.2551085365873333,-0.5438614819907879,0.1080746877017484,-0.13382890826862404,-0.20284294851307355,0.42694113979544085,-0.08821448066860146,0.1944265366034865,-0.010789898433034973,-0.19267590764872564,-0.04761853657675777,-0.01213590636817409,0.09944348986751939,-0.046432330477176154,0.022530388020474204,-0.017650820215044865,-0.01884458454633274,0.003833896952430376,2.4039080919204132e-15
32,-3.1763213538215087,-2.6371480976258344,-1.2393952223815785,1.313809898185886,0.8545870424795202,-0.09122257506691932,-0.7908411749089652,0.7304798355082109,-0.0803783218867545,1.048327001236054,0.6213174568382958,0.23768624178141762,0.9273183047198744,-0.3652353491369299,0.04533760212443185,-1.8923299503653292,-1.8397750417243148,0.6290043914052337,1.8952298070879772,1.109155193502439,-2.423595778187398,0.7594563155312078,1.021851835648509,0.6070480063342927,-1.613244701370585,-0.586407056623727,1.0181212925307765,-0.6522657920669003,-0.6220020047280663,-0.26884429567664964,0.9585900021334652,0.7793498500223078,-0.46023350720416656,0.16905456486366058,-1.201963547337681,0.1150019095458257,-0.6234687086305389,0.5560227248731845,-0.6185140893974101,0.008426042979150589,0.007994952258360034,0.36227283973161534,-0.1777719795765239,2.403908091920413e-15
33,-1.7469639072682959,-0.586556206456005,-0.2544214179421644,0.22630775810487103,-1.7199725861927877,0.3928078135238523,-2.3666657045557264,1.1699258595837354,1.2336865524425176,-2.2284973724637656,0.0857716757167428,-0.7840888799559966,0.7546009515802052,0.25343185507677407,0.9039879586924254,-0.8414784485935268,0.5897428703562615,-0.13503844564067832,2.569026955136824,-0.9119634745192876,-1.0498963866502138,-1.1046385412959057,-0.9880539620244314,-1.1725213622006165,0.5254302657822472,-0.7371096282149876,-0.17803006234758326,1.9036752556415593,1.588015494529922,1.4699140220913982,0.6513441119574437,0.21943567331159405,-0.23086606384984634,-0.9710221936007056,-0.34637833487918707,0.462848899646857,0.34054018603986486,0.22613901521599808,0.14693301850558832,0.4152037144398514,-0.3376739402877404,-0.2939365732669025,-0.22444542545152385,2.403908091920418e-15
34,-4.415466727853278,-4.125676798518704,-1.253260386535341,0.5473824054806238,0.7837903197161037,0.7883373258906246,0.06305583261180889,0.8422461659614022,1.3380197524119533,-1.512568061331646,1.0891779797717889,-0.6827662720244853,-1.3898538382758758,-1.2590018790267539,-1.155075133747346,-0.06480283330238885,-0.04823105355046055,0.9526222560719407,-0.9328927902351728,0.4876937253061082,0.543084939007597,-0.5629941575891598,0.38117256279818146,-1.49578919233727,1.1962726879972327,0.6749555611538842,-0.3003130920519049,-1.1649928488439336,0.2537550272460883,1.2261009679435448,0.9737226413159198,0.17145155839370313,-0.1416035591125437,1.8766667564799717,-0.19907429528582804,-0.06520013584027828,0.7966500684153636,0.26514404479814674,-0.39837275770429875,0.32130588225299067,0.2963719889323066,-0.3755166939849593,0.08737602827890528,2.4039080919204073e-15
35,2.6768702231573966,-0.8844480203742535,0.12635924337712062,-1.573382512399346,-1.4429876989147914,-1.4761197013443974,3.914629253177179,-3.3578180641573447,1.3458560458423547,-4.11937008661005,-2.649084993473741,4.548182203224172,4.6740374481855484,-2.3112241110473044,0.04688443367913668,0.046340985413836,0.9404286569376251,1.2483096141654557,0.8559610946754995,2.0954516283726043,0.07915913396956027,0.22353095543194787,1.2879554250153253,-0.31358376099041063,1.2646122749658795,0.7081271721460396,-0.011054040258616235,-0.013306608483163443,0.17724987229621664,-0.30886860401324523,0.01350214653841502,0.07159750157568362,0.24798478400191265,-0.20018281460416934,-0.06386264807235333,-0.14803611138296519,-0.19080348965037303,-0.1511851938079658,0.013457092676703523,0.011319795054146918,0.00556226136807089,-0.0368675941580073,0.03519508084361894,2.4039080919204132e-15
36,-4.446014773022067,-3.4134604341461467,-1.132457096238253,0.4998263185802111,2.072563020249129,0.597907075175962,0.6268910816285613,0.8318079517891567,1.18619596492543,0.03169801166747322,0.5704473381597784,0.8026880673651898,-1.2380840025312478,-0.4298875474964619,0.15194596794589232,-0.9972921924050435,-0.08673748388852545,-0.30832330832378363,0.2934805667278947,-0.1873544003825423,-0.8861485541631151,-0.908553985381235,0.23956516634980196,0.013554402066133049,0.3238024539895724,-0.271864534136072,0.6159207917946895,-0.18610326938642602,-0.9518830680796875,0.4927199905803419,0.015763697052418372,-1.1040900673959508,0.13663657452807593,0.20550335983162862,0.0037091586050145443,-0.9718169083562539,-0.5368503140813675,-0.5339282116139746,0.24434771579690315,-0.8825300611126694,-0.615853736245648,-0.6289052709011508,-0.4810811611310811,2.4039080919204113e-15
37,23.768881401161128,-0.7229312041022805,-3.6467940169340003,4.62887040108161,1.5001593190370437,-3.036843012806182,0.09960298551264178,5.864431459464862,1.639875988479209,1.1042363925785421,2.553500346220702,2.99351388510826,0.11979906448373233,-0.9582658812832808,-1.2009132459934162,-0.49015541749045655,-0.8212519156439068,0.09589116959681561,-0.45961818580848834,-1.2590925176333152,0.2678275470902856,0.1576569191835008,-0.14811312155000628,-0.03372453003876209,0.30031736800149716,0.4039291640602778,0.06788441361050679,0.5227409642275385,-0.21156297678702785,0.08853693876574634,-0.10199022000771414,0.3204458249866001,0.21260395238224855,-0.0033170897292459,0.03630797630617308,0.12285591242050599,-0.010112843379916933,-0.024461935980491695,-0.004173570459193712,0.040272572288963165,-0.028474627504930967,0.017101728071788624,0.00995942624245263,2.4039080919204093e-15
38,-1.2126479772685896,-1.6569287962333892,2.076113374607221,-1.2796312668329588,1.024278179183514,-2.5773077783585054,-0.13751418147128874,-1.8010170137910217,1.0207676198613242,0.3663781725038225,1.9673354480503245,1.503205506320801,-0.5245875282402237,2.185805277099565,1.4634057313900664,-2.550728338681425,-0.2553831839454213,-1.6794618580639917,-1.5592609637704946,1.301141790939011,1.2998828468517345,-0.9620017444925175,0.1430947449712432,-0.875584367136228,-0.38300495602961115,0.49196732283109507,-1.2762709163659227,0.8232899195815401,-0.586757373546154,-0.6480534376138491,-0.2164931469216595,-1.215643770225348,-0.5063185668490598,0.28888742990442756,-1.1137116760078274,0.4031601256362813,-0.40315181582943405,-0.14666706841193147,0.4611162535833538,0.5944881622615401,0.1608775056378629,0.06809067104918752,-0.18116028824186173,2.4039080919204196e-15
39,-0.902190582797858,5.090928391262024,13.636161750767512,13.380810303689945,1.3548529728613246,1.2748552483228592,1.9415193268502415,-1.3655843583203187,0.9275169874975272,-0.5750976746818462,-0.6175041431830101,-1.3413927307038809,-0.0028422240244636095,-0.597340965056584,0.13290348216234815,-0.4157385318970265,-0.22486774768687795,-0.028819828802444058,0.07457518936566732,-0.08611210387073066,0.5211833251914394,0.4471418166161192,-0.13931836773706366,-0.08097426230781166,0.0886128845191623,0.1716672921394606,0.14034943268788083,0.014773440788014932,-0.08006851299118238,-0.0632517193514496,0.03040788744931743,0.0369936598069192,-0.021173432619788428,-0.006985876721941984,0.03487753137722733,-0.01065172919498374,-0.011732116385851865,0.01845993115366984,0.0051962092632324396,0.016609992412908375,-0.07181091130001424,-0.0034988560420230615,-0.002165516743012381,2.4039080919204152e-15
40,6.577533303109002,-0.14889390251834206,11.774017500933148,-10.291801885948546,4.79639370977904,6.943175082339089,-0.7179724252396691,2.7239024099078715,0.08964558214456879,-0.32836238899311665,0.4525747344172287,0.7670484460061515,-0.3110313571154212,-1.115414751643045,-0.6060223032124151,0.16002326051393706,-0.6595529289680496,0.8822535320808593,0.2494672297823137,0.007997956172013217,-0.17907338156329736,-0.03499922350050976,-0.3561462595906947,-0.02651050265638427,-0.051446097366615255,-0.24637194055970432,-0.487046944592391,0.14536209741212008,-0.08195873743130773,-0.0925923464844137,-0.17184703498048812,0.2222603394399713,-0.18505666247476094,-0.038240089518919544,-0.0365474128068339,0.02425552799041028,-0.12413948554954884,0.037568777364435896,0.028549900511329534,-0.05568716228818707,0.045257786964776975,0.009553327555017468,0.07701476118534464,2.403908091920406e-15
41,-3.4914670169871638,-3.7438742667459963,-0.4268874703714662,-0.5127031863723907,1.361675109951888,-1.3855987940906629,3.0223260982092848,0.4331320179396169,0.21089833651789694,-2.603071247883572,-0.45557496771801864,0.11282937634132646,-0.8308074366021632,0.6436776205466304,-0.9965324527725276,2.138715445965974,-1.213808050291176,-0.4614248817188083,-1.6883318511264702,-1.5181343373181377,-0.8146703054095658,1.26723346621179,-0.6321658532854646,-0.9815941910357846,1.0606499070976156,-0.9923420189661284,0.436561768559866,-0.1788054784044199,-0.9542762697074193,-0.29040718502317525,1.8366057263118614,-1.2433707907468357,-0.16021075842909557,-0.9227329064957055,-0.08614194448947239,0.5785422049490883,0.11713133734234198,0.3244525043621358,0.1934903306852021,-0.2687253787648897,0.0410557833907667,0.2754288930942321,0.3371577679251158,2.403908091920409e-15
42,-1.9552609152406637,-2.324562810979626,-2.106358556864397,0.36886603007927354,2.4816070124830567,0.6713521248970412,1.956705653248808,-0.29426090225127866,1.1004656759589135,0.46664757960129843,0.45487488772471396,-0.14196813084680635,-1.743713946580845,-0.4791509196076395,-0.11779558265238575,-2.1180635530106677,-0.4860849262107015,-0.30198219019195255,1.1567479447348261,0.8789600494474079,-0.18853534440118472,-1.6163928453674183,0.8646290054063983,0.04106105958665183,0.44502446178585375,-1.1040706892178347,0.05031638829083517,-1.406294801143237,-0.13072074588888674,-1.4019398301515462,-0.5073878433885672,0.0012826978776156878,0.03981425274356913,-0.578676216977199,1.4254062785599504,1.252135551162676,0.5187991532101415,-0.3477688822994772,-0.3148864846187602,0.3273261855412615,-0.11362706152170712,-0.08333133973312801,-0.18915936868359645,2.403908091920411e-15
43,-1.3272139517109074,-2.086545632436463,1.111710849236755,-1.3991014807658968,1.0060103333497616,-1.8054541128556147,0.2582670532517568,-0.6968437969990212,-0.9780756315770419,1.1824322669184821,-0.9515845137441653,0.00693666824769329,-1.3871940578674344,-0.09642554076435343,-0.1290988703570378,-0.876043819516797,0.2398624385228755,0.27573502909490777,0.2725783870702957,-0.5904114570751627,0.4950087886996301,-0.7853783894831751,-0.05155997306674793,0.9479803541016238,1.3193222678661367,0.03484174171321208,1.4932487820341447,-0.15636438828890162,-1.2666849682573178,1.595300032271187,-0.6568817469237124,-0.39529289464429035,0.11215274432904598,-0.7739458647821579,0.1938823550536781,-1.217609945036688,0.004579515935219084,-0.0284861880546495,-0.2884544536813095,0.9468100721762063,0.04599009860774015,0.44030975639876546,0.11700871609312342,2.4039080919204136e-15
